"","gene","baseMean","log2FoldChange","lfcSE","stat","pvalue","padj"
"1","Siderastrea_Mexico_Barshis-Radice_Host_contig12375",39.3384874003156,4.54198844375384,0.86648072320627,5.24188054287804,1.58948265290124e-07,0.00127095032925983
"2","Siderastrea_Mexico_Barshis-Radice_Host_contig19050",42.9545270261219,1.80760171752784,0.382293152812323,4.72831308703883,2.2639290193896e-06,0.00905118821951963
"3","Siderastrea_Mexico_Barshis-Radice_Host_contig16534",8.82838891793268,2.80230519504822,0.615108227950961,4.55579208293672,5.21885398398033e-06,0.0139099854853022
"4","Siderastrea_Mexico_Barshis-Radice_Host_contig11395",2.78953240585296,4.54851721931488,1.04475796439189,4.35365642028141,1.33885485774957e-05,0.0267637086064139
"5","Siderastrea_Mexico_Barshis-Radice_Host_contig12108",11.7749293049257,-3.4161331378997,0.81866131479703,-4.17282834324065,3.00841599116273e-05,0.0481105885306743
"6","Siderastrea_Mexico_Barshis-Radice_Host_contig10346",8.78587513616785,-3.34689230872138,0.822810431993748,-4.06763475350153,4.74927450413687e-05,0.0510472866625425
"7","Siderastrea_Mexico_Barshis-Radice_Host_contig01857",4.00633669708886,-4.19360785298136,1.03511523358746,-4.05134396336468,5.09242814340233e-05,0.0510472866625425
"8","Siderastrea_Mexico_Barshis-Radice_Host_contig10548",26.3306609712985,1.76516784294381,0.438233819214212,4.02791333199453,5.62740788550495e-05,0.0510472866625425
"9","Siderastrea_Mexico_Barshis-Radice_Host_contig17190",8.59310192136965,-3.14878612790807,0.784172376439164,-4.01542597331258,5.93385222159363e-05,0.0510472866625425
"10","Siderastrea_Mexico_Barshis-Radice_Host_contig16303",5.04489110205182,2.59800145918954,0.649801824078722,3.99814430018404,6.38410288425994e-05,0.0510472866625425
"11","Siderastrea_Mexico_Barshis-Radice_Host_contig05954",4.46589252121183,-3.82306535954734,0.967503664554112,-3.95147377690735,7.76713842584811e-05,0.0564600353209831
"12","Siderastrea_Mexico_Barshis-Radice_Host_contig12042",17.1557028200158,1.95142569764055,0.502376287506916,3.88439053786686,0.000102586897686448,0.0683570694917366
"13","Siderastrea_Mexico_Barshis-Radice_Host_contig04735",3.74177637545865,-3.87003342344521,1.00538791731755,-3.84929374700539,0.000118458881016612,0.0728613240468331
"14","Siderastrea_Mexico_Barshis-Radice_Host_contig12125",6.74822927747941,3.41507270635489,0.897842891045879,3.80364175114951,0.000142584341990787,0.0792171210008529
"15","Siderastrea_Mexico_Barshis-Radice_Host_contig04083",4.41395111001002,-3.7891483059565,1.00267590479455,-3.77903596549766,0.000157436686295351,0.0792171210008529
"16","Siderastrea_Mexico_Barshis-Radice_Host_contig05131",5.71928387845743,-3.44057363293224,0.912672346977249,-3.76977964143139,0.000163391745123415,0.0792171210008529
"17","Siderastrea_Mexico_Barshis-Radice_Host_contig02547",55.9189920087994,2.68247043581317,0.713004486251679,3.76220695316397,0.000168420592423024,0.0792171210008529
"18","Siderastrea_Mexico_Barshis-Radice_Host_contig08172",1656.52586016886,-5.72133040701209,1.53674302774978,-3.72302350080592,0.00019685119099328,0.0874456735101258
"19","Siderastrea_Mexico_Barshis-Radice_Host_contig03068",7.05640045935965,3.96676844915725,1.0780559578267,3.67955709567622,0.000233639377342288,0.0983252874331019
"20","Siderastrea_Mexico_Barshis-Radice_Host_contig00626",5.2927045956311,2.6436267371254,0.740546767894957,3.56983090296923,0.000357211736478786,0.142813252244218
"21","Siderastrea_Mexico_Barshis-Radice_Host_contig01600",4.13297711142965,-3.38911697632086,0.954867746575696,-3.54930511421583,0.000386249252890305,0.143087079565815
"22","Siderastrea_Mexico_Barshis-Radice_Host_contig06100",8.04730712056873,2.67331539801883,0.754261823887859,3.54428039886623,0.000393686311961973,0.143087079565815
"23","Siderastrea_Mexico_Barshis-Radice_Host_contig01407",39.8792943490088,1.89076738133306,0.537790012183457,3.51580977425825,0.0004384149807097,0.152415921119772
"24","Siderastrea_Mexico_Barshis-Radice_Host_contig18164",6.58083801857466,-2.9398949412332,0.844145846293448,-3.48268602415324,0.000496410196960481,0.165387330620667
"25","Siderastrea_Mexico_Barshis-Radice_Host_contig07530",2.89681739300858,3.70127131481689,1.07158330943412,3.45402105672163,0.000552294251164849,0.176645793292565
"26","Siderastrea_Mexico_Barshis-Radice_Host_contig11561",13.0648754380806,2.03512509225207,0.597636899006841,3.40528688177398,0.000660945801073667,0.203266254822502
"27","Siderastrea_Mexico_Barshis-Radice_Host_contig06213",3.89743831341179,2.46568113225534,0.72737187116764,3.38984944289531,0.000699310186383105,0.207099416678493
"28","Siderastrea_Mexico_Barshis-Radice_Host_contig16079",7.60612414304287,2.51870480294895,0.749370903565193,3.3610923388752,0.000776348662836176,0.221702996715645
"29","Siderastrea_Mexico_Barshis-Radice_Host_contig09258",95.6980099642352,2.05401819670185,0.617989026641512,3.32371305662902,0.000888275417440171,0.244918973719021
"30","Siderastrea_Mexico_Barshis-Radice_Host_contig10530",3.70178925128836,-2.57927428310663,0.787591546576902,-3.2748882264124,0.0010570378735024,0.281735827884172
"31","Siderastrea_Mexico_Barshis-Radice_Host_contig16785",4.10081545534419,-2.23226993640924,0.690608161573109,-3.23232487048001,0.00122787374092973,0.316712207499166
"32","Siderastrea_Mexico_Barshis-Radice_Host_contig18477",7.80776962431341,1.95914511000909,0.610516229728411,3.20899759025344,0.00133198608440968,0.317128416226566
"33","Siderastrea_Mexico_Barshis-Radice_Host_contig03779",903.122881496882,1.5170647605545,0.472887770353923,3.20808626414484,0.00133621412691243,0.317128416226566
"34","Siderastrea_Mexico_Barshis-Radice_Host_contig00070",3.92074760172469,2.8683621808791,0.894836493716052,3.20545954598638,0.00134847000396489,0.317128416226566
"35","Siderastrea_Mexico_Barshis-Radice_Host_contig13297",13.6280137513316,1.88253945916922,0.590754976061839,3.18666712165309,0.00143922313053578,0.328800804336117
"36","Siderastrea_Mexico_Barshis-Radice_Host_contig05015",2.53752036975669,-3.09862401082498,0.985526368542816,-3.14413100423336,0.00166580847627254,0.365318342892114
"37","Siderastrea_Mexico_Barshis-Radice_Host_contig01353",3.57337860788436,3.15173070290601,1.0037893263845,3.13983285143914,0.00169044255715461,0.365318342892114
"38","Siderastrea_Mexico_Barshis-Radice_Host_contig07014",12.3391985003233,-1.52698050287333,0.487964294425423,-3.12928736860008,0.00175230844107154,0.368722586705475
"39","Siderastrea_Mexico_Barshis-Radice_Host_contig11728",7.8512022765984,-1.7591705982576,0.563945437780378,-3.11939858079441,0.0018122063552884,0.371548769663746
"40","Siderastrea_Mexico_Barshis-Radice_Host_contig14566",2.1864943259655,-3.45033271317752,1.11219321598799,-3.1022781505752,0.00192037426385663,0.38388281534494
"41","Siderastrea_Mexico_Barshis-Radice_Host_contig04258",7.1714119746592,1.89780946465538,0.614409070856129,3.08883698935457,0.00200941659864575,0.387544809855869
"42","Siderastrea_Mexico_Barshis-Radice_Host_contig17889",6.60753591703767,1.58400220837795,0.514472359942337,3.07888689793848,0.0020777554560299,0.387544809855869
"43","Siderastrea_Mexico_Barshis-Radice_Host_contig02044",3.5464137888195,2.75282060064392,0.898565940359502,3.06357104915701,0.00218712263097623,0.387544809855869
"44","Siderastrea_Mexico_Barshis-Radice_Host_contig14765",3.07259711551443,2.99597505239955,0.980614098536344,3.05520291506243,0.0022490829953729,0.387544809855869
"45","Siderastrea_Mexico_Barshis-Radice_Host_contig08748",8.47684579629585,1.81101695522023,0.593383835954443,3.05201598946028,0.00227309992053044,0.387544809855869
"46","Siderastrea_Mexico_Barshis-Radice_Host_contig19076",2.67446630434939,-3.14059630377415,1.02912393010586,-3.05171827405773,0.0022753554848366,0.387544809855869
"47","Siderastrea_Mexico_Barshis-Radice_Host_contig07780",13.8194797605335,1.43021025313349,0.468710211856976,3.05137421151368,0.00227796474027337,0.387544809855869
"48","Siderastrea_Mexico_Barshis-Radice_Host_contig08015",3.77491867478948,2.58436777778419,0.851511304493016,3.03503636903906,0.00240506683056759,0.400644049525384
"49","Siderastrea_Mexico_Barshis-Radice_Host_contig12283",6.78798731475339,-2.57911918867747,0.85326504799035,-3.02264717716017,0.00250574202399856,0.408896188242704
"50","Siderastrea_Mexico_Barshis-Radice_Host_contig09767",28.3812832609384,-1.41803731497127,0.47132695920818,-3.00860641910564,0.00262448868303113,0.409523692321878
"51","Siderastrea_Mexico_Barshis-Radice_Host_contig01157",6.95900132286436,1.83604165575345,0.611633850742245,3.00186402947667,0.00268331999142409,0.409523692321878
"52","Siderastrea_Mexico_Barshis-Radice_Host_contig12041",6.42666475678278,1.80038682199273,0.601374369358649,2.99378708792129,0.00275538148822435,0.409523692321878
"53","Siderastrea_Mexico_Barshis-Radice_Host_contig15887",2.66887825294696,2.85578877341602,0.954163683043498,2.99297575894621,0.0027627169202257,0.409523692321878
"54","Siderastrea_Mexico_Barshis-Radice_Host_contig10456",28.4945243707725,-1.36869979006321,0.45774398738195,-2.9900988932513,0.00278887139465232,0.409523692321878
"55","Siderastrea_Mexico_Barshis-Radice_Host_contig02641",2.44411091993393,3.47221104805805,1.16324366668203,2.9849387084668,0.00283635150131858,0.409523692321878
"56","Siderastrea_Mexico_Barshis-Radice_Host_contig08302",28.4201635731271,1.34092638135875,0.449744071975438,2.98153208661298,0.00286809989620125,0.409523692321878
"57","Siderastrea_Mexico_Barshis-Radice_Host_contig15324",2.36723127562107,3.51351175331332,1.18452268989557,2.96618358034415,0.00301520449170143,0.417027678834572
"58","Siderastrea_Mexico_Barshis-Radice_Host_contig14190",5.8286255753407,3.44409449454433,1.16150898179406,2.96518972175714,0.00302496315312721,0.417027678834572
"59","Siderastrea_Mexico_Barshis-Radice_Host_contig10315",6.18820978283538,2.78744135142396,0.942829031559639,2.95646533795522,0.00311187206390409,0.421737780050459
"60","Siderastrea_Mexico_Barshis-Radice_Host_contig12292",10.5854881966469,2.94291261782794,1.00296153142277,2.9342228247311,0.00334384059427116,0.445622489863203
"61","Siderastrea_Mexico_Barshis-Radice_Host_contig08280",3.64440157312694,2.3779107129197,0.812538742841297,2.92651979228041,0.00342777694292248,0.449319744846035
"62","Siderastrea_Mexico_Barshis-Radice_Host_contig14721",3.19385151302174,-2.80048945487506,0.959431423743673,-2.91890528657862,0.00351262931320772,0.453015870780789
"63","Siderastrea_Mexico_Barshis-Radice_Host_contig08657",5.46515893026513,2.08544755059756,0.716519696562389,2.91052368916418,0.00360823612899179,0.457959620435212
"64","Siderastrea_Mexico_Barshis-Radice_Host_contig05945",2.96230904769201,-3.25118261223594,1.12339904737683,-2.89405854475981,0.00380297248020895,0.469103563973198
"65","Siderastrea_Mexico_Barshis-Radice_Host_contig00657",3.04548076393325,-2.67943051827855,0.927225310240362,-2.88972970073905,0.00385573200935047,0.469103563973198
"66","Siderastrea_Mexico_Barshis-Radice_Host_contig05689",3.19468617589456,3.43889375230947,1.19058675036126,2.8884025051228,0.00387204042299038,0.469103563973198
"67","Siderastrea_Mexico_Barshis-Radice_Host_contig15785",52.551089578846,-1.04477844205602,0.363412076748567,-2.87491393077415,0.00404137647869155,0.469304668454262
"68","Siderastrea_Mexico_Barshis-Radice_Host_contig18420",40.4274195400595,1.15316127861764,0.401258403313378,2.87386200287756,0.00405486090943781,0.469304668454262
"69","Siderastrea_Mexico_Barshis-Radice_Host_contig04336",4.25069471384978,3.77118768598425,1.31271323908739,2.87281911516791,0.0040682697573416,0.469304668454262
"70","Siderastrea_Mexico_Barshis-Radice_Host_contig14381",4.20953683529927,-2.20604530885611,0.768734289050323,-2.8697110825919,0.0041084700840168,0.469304668454262
"71","Siderastrea_Mexico_Barshis-Radice_Host_contig14997",2.60328467387017,-2.88430881351493,1.00791826788436,-2.86164950613421,0.00421442681459186,0.474627560696853
"72","Siderastrea_Mexico_Barshis-Radice_Host_contig04678",14.2425059828847,1.49657471030913,0.524391787845543,2.8539247657897,0.00431827564605992,0.47956850091521
"73","Siderastrea_Mexico_Barshis-Radice_Host_contig18069",3.49984004934465,-3.39830817636182,1.1949351619603,-2.84392683765943,0.00445612787931867,0.483976262860458
"74","Siderastrea_Mexico_Barshis-Radice_Host_contig18183",3.83991035738333,2.14661985348468,0.755242079574804,2.84229376452807,0.00447901994142995,0.483976262860458
"75","Siderastrea_Mexico_Barshis-Radice_Host_contig13163",2.93104999711409,-2.6637202326662,0.938953237275916,-2.83690404049745,0.00455533007146939,0.485333422132301
"76","Siderastrea_Mexico_Barshis-Radice_Host_contig07104",3.3357328122894,-2.52544454690065,0.89147391230822,-2.83288665213065,0.00461297399725548,0.485333422132301
"77","Siderastrea_Mexico_Barshis-Radice_Host_contig02929",3.52638645127472,-2.83267322677103,1.00631417544421,-2.81489945773707,0.00487924964243998,0.489376415031342
"78","Siderastrea_Mexico_Barshis-Radice_Host_contig06068",27.9312489198464,-4.46707561350781,1.58735546487573,-2.81416211576625,0.00489045586060744,0.489376415031342
"79","Siderastrea_Mexico_Barshis-Radice_Host_contig15882",2.34786941219115,-2.76770626976001,0.983977282729687,-2.81277456130086,0.00491160724280216,0.489376415031342
"80","Siderastrea_Mexico_Barshis-Radice_Host_contig10236",2.74409928204367,-2.54966484195732,0.907242713379205,-2.81034480008176,0.0049488450547254,0.489376415031342
"81","Siderastrea_Mexico_Barshis-Radice_Host_contig00074",7.81707841573985,1.76259242792095,0.627317806183248,2.80972803664698,0.00495833793391688,0.489376415031342
"82","Siderastrea_Mexico_Barshis-Radice_Host_contig04919",7.55995646201569,-1.77835394988992,0.633998663326515,-2.80498059815948,0.00503196085930653,0.489376415031342
"83","Siderastrea_Mexico_Barshis-Radice_Host_contig02983",3.70063204622225,1.9473637512261,0.695402723077167,2.800339553761,0.0051048877727919,0.489376415031342
"84","Siderastrea_Mexico_Barshis-Radice_Host_contig08331",2.20794243086405,3.68202295335158,1.31760694993137,2.79447748324594,0.00519836607626338,0.489376415031342
"85","Siderastrea_Mexico_Barshis-Radice_Host_contig01849",3.51313387651489,-2.37137785640793,0.848667247805118,-2.79423750891878,0.00520222552246925,0.489376415031342
"86","Siderastrea_Mexico_Barshis-Radice_Host_contig09834",3.79905644152638,2.44583610149928,0.877564415148463,2.78707301627027,0.00531864935897476,0.490438216175646
"87","Siderastrea_Mexico_Barshis-Radice_Host_contig16918",3.2785507442805,-2.39876680342505,0.86100552449514,-2.78600628588486,0.00533618369275652,0.490438216175646
"88","Siderastrea_Mexico_Barshis-Radice_Host_contig04711",3.60403766153838,2.40671043700766,0.86617798283825,2.77854030544793,0.00546037385990542,0.496149424815951
"89","Siderastrea_Mexico_Barshis-Radice_Host_contig09548",36.0497256195324,2.05212168207694,0.741298781837639,2.76827877281795,0.00563532299198863,0.506292613976866
"90","Siderastrea_Mexico_Barshis-Radice_Host_contig07975",13.4944427447388,-1.38079416248361,0.499683453459956,-2.76333777499051,0.00572135249422944,0.508310383820652
"91","Siderastrea_Mexico_Barshis-Radice_Host_contig14119",13.3962376835605,2.72806153400994,0.988990590027871,2.75843022321684,0.00580797031186397,0.510335501249058
"92","Siderastrea_Mexico_Barshis-Radice_Host_contig09018",4.44408601922771,1.88284427427296,0.68622478520656,2.7437718876712,0.00607377276515694,0.527890076415162
"93","Siderastrea_Mexico_Barshis-Radice_Host_contig01955",8.353242955261,-1.50762517270947,0.552115303838637,-2.73063463777866,0.00632125070843706,0.5414581620582
"94","Siderastrea_Mexico_Barshis-Radice_Host_contig14276",3.29919494087623,3.22379925717826,1.18159553180637,2.72834415026084,0.00636531606221495,0.5414581620582
"95","Siderastrea_Mexico_Barshis-Radice_Host_contig08639",6.17234095004516,2.03837150051893,0.749755398956136,2.71871533483707,0.00655359824276876,0.546014299166449
"96","Siderastrea_Mexico_Barshis-Radice_Host_contig11824",2.99954864171723,-3.05386029894797,1.12471651769213,-2.71522668237714,0.00662304198627955,0.546014299166449
"97","Siderastrea_Mexico_Barshis-Radice_Host_contig06238",12.9105587226474,1.97808113538096,0.728523478242754,2.71519202119912,0.0066237352450157,0.546014299166449
"98","Siderastrea_Mexico_Barshis-Radice_Host_contig14163",2.64454249862794,2.89999113496734,1.07019049569389,2.70978965580052,0.00673258899930161,0.548129214710901
"99","Siderastrea_Mexico_Barshis-Radice_Host_contig02243",2.03375791845949,-2.8649575221067,1.05850748440877,-2.70660110042294,0.0067975881017427,0.548129214710901
"100","Siderastrea_Mexico_Barshis-Radice_Host_contig17986",2.29367063759551,3.54193751458312,1.3099824220487,2.70380537552849,0.00685504270523889,0.548129214710901
"101","Siderastrea_Mexico_Barshis-Radice_Host_contig15619",6.84480407315084,-1.27704563384811,0.47325792648341,-2.69841361842014,0.00696708166000233,0.551572128251274
"102","Siderastrea_Mexico_Barshis-Radice_Host_contig18147",5.36693044122168,-2.07431071809386,0.776237312870808,-2.67226360250875,0.00753414383574295,0.590617785398046
"103","Siderastrea_Mexico_Barshis-Radice_Host_contig06712",12.9262233988013,1.64913408659189,0.61858960643488,2.6659582854881,0.00767692179692191,0.595967637749394
"104","Siderastrea_Mexico_Barshis-Radice_Host_contig13558",3.19947063228104,-2.48606061450401,0.935399164564933,-2.65775372555556,0.00786633528379759,0.59849886816233
"105","Siderastrea_Mexico_Barshis-Radice_Host_contig07885",13.7170408685774,1.75703594929146,0.661298661448233,2.65694768751472,0.00788516776986961,0.59849886816233
"106","Siderastrea_Mexico_Barshis-Radice_Host_contig05951",4.14542686830879,1.71000060281657,0.644101410897374,2.65486237708154,0.00793407704167171,0.59849886816233
"107","Siderastrea_Mexico_Barshis-Radice_Host_contig07067",14.5681809703593,-1.81795625083527,0.686441658671255,-2.64837692740603,0.00808792922026698,0.599085586640937
"108","Siderastrea_Mexico_Barshis-Radice_Host_contig09836",7.29829877201216,1.85862417530101,0.701839219343077,2.64821931302255,0.00809170127028779,0.599085586640937
"109","Siderastrea_Mexico_Barshis-Radice_Host_contig08197",30.0840219885886,-2.33396432189323,0.883194010875412,-2.64264056725184,0.00822623109230186,0.60345820012886
"110","Siderastrea_Mexico_Barshis-Radice_Host_contig11942",3.93244033087051,2.17689443133614,0.82567943760781,2.63648860827044,0.00837690128512173,0.607970255869966
"111","Siderastrea_Mexico_Barshis-Radice_Host_contig02692",2.92195016315131,2.23256792477697,0.847612315759711,2.63394936961944,0.00843980720379767,0.607970255869966
"112","Siderastrea_Mexico_Barshis-Radice_Host_contig15504",8.5288853048577,2.01834804661571,0.768341309104549,2.62688992860212,0.00861692027064325,0.609559406697432
"113","Siderastrea_Mexico_Barshis-Radice_Host_contig03231",42.1710666040698,1.64351043938208,0.626868225310179,2.62177978245565,0.00874719318861062,0.609559406697432
"114","Siderastrea_Mexico_Barshis-Radice_Host_contig18229",5.00298861190429,-1.99770543330437,0.762922797167444,-2.6184896305647,0.00883199758306144,0.609559406697432
"115","Siderastrea_Mexico_Barshis-Radice_Host_contig16001",3.06353209274209,2.06536763481,0.789281249119447,2.61677017807557,0.0088766084467183,0.609559406697432
"116","Siderastrea_Mexico_Barshis-Radice_Host_contig08675",12.8451153662172,-1.57757564664356,0.603404383496429,-2.61445837947397,0.0089369048247698,0.609559406697432
"117","Siderastrea_Mexico_Barshis-Radice_Host_contig02935",3.31545676317313,1.96907410419486,0.753451312897758,2.61340589695417,0.00896447667304415,0.609559406697432
"118","Siderastrea_Mexico_Barshis-Radice_Host_contig13618",7.33745093931362,1.73098617791285,0.662951453866027,2.61103006535175,0.00902699573053178,0.609559406697432
"119","Siderastrea_Mexico_Barshis-Radice_Host_contig00146",4.4047414288663,3.86047694571274,1.47948462434842,2.60933901047666,0.00907173204064463,0.609559406697432
"120","Siderastrea_Mexico_Barshis-Radice_Host_contig00039",3.40487531530674,2.06203278889922,0.791906354154969,2.6038846362075,0.00921737766127451,0.614184598162925
"121","Siderastrea_Mexico_Barshis-Radice_Host_contig00758",41.4562555557554,1.05678135885517,0.407448200242203,2.59365818336411,0.009496084467791,0.620954190969603
"122","Siderastrea_Mexico_Barshis-Radice_Host_contig07531",2.62797870690709,-3.07977083293228,1.18788534293659,-2.59264991461105,0.00952396629054019,0.620954190969603
"123","Siderastrea_Mexico_Barshis-Radice_Host_contig14180",47.2810179959141,-1.02969109658566,0.397312438665495,-2.59164072497761,0.00955194665948738,0.620954190969603
"124","Siderastrea_Mexico_Barshis-Radice_Host_contig15398",4.4666266392004,-2.03782956162683,0.787612290687115,-2.58735114436701,0.00967169743007129,0.623299648449451
"125","Siderastrea_Mexico_Barshis-Radice_Host_contig15448",4.42497327239653,-2.10160580597331,0.813326409568525,-2.5839635615524,0.00976721128402164,0.623299648449451
"126","Siderastrea_Mexico_Barshis-Radice_Host_contig09523",3.62380679431376,2.69409560201677,1.04339894627193,2.58203787884087,0.00982188040328049,0.623299648449451
"127","Siderastrea_Mexico_Barshis-Radice_Host_contig07478",6.07575455712346,-1.65660315110428,0.647548207013479,-2.55826999930184,0.010519438149304,0.655153067630943
"128","Siderastrea_Mexico_Barshis-Radice_Host_contig03693",23.3020350671198,0.968748531724855,0.380008434202614,2.54928165938637,0.010794508034414,0.655153067630943
"129","Siderastrea_Mexico_Barshis-Radice_Host_contig18797",2.71281483420545,-2.39808235417033,0.940838614881433,-2.54887747615732,0.0108070261103642,0.655153067630943
"130","Siderastrea_Mexico_Barshis-Radice_Host_contig11879",2.62973567625999,-2.46812517240344,0.969722563842929,-2.54518690647195,0.0109219260180133,0.655153067630943
"131","Siderastrea_Mexico_Barshis-Radice_Host_contig04460",21.3594666330606,1.40680741909632,0.552803742796234,2.54485870877122,0.0109321962981342,0.655153067630943
"132","Siderastrea_Mexico_Barshis-Radice_Host_contig05630",5.66927535401443,1.6964934472597,0.668091925703756,2.53931140609527,0.0111070910745684,0.655153067630943
"133","Siderastrea_Mexico_Barshis-Radice_Host_contig12246",2.68721781346541,-2.7480868628683,1.08227318550119,-2.53918040258539,0.0111112512110663,0.655153067630943
"134","Siderastrea_Mexico_Barshis-Radice_Host_contig11695",16.827129085731,-1.40112260207181,0.552258344305795,-2.53707819269452,0.0111781983865674,0.655153067630943
"135","Siderastrea_Mexico_Barshis-Radice_Host_contig16036",3.93755207533228,-3.00085111851064,1.1839734890194,-2.53455938527477,0.011258884173698,0.655153067630943
"136","Siderastrea_Mexico_Barshis-Radice_Host_contig05849",2.81271604224517,1.89505216984482,0.748476725471027,2.53187855461002,0.0113453278507684,0.655153067630943
"137","Siderastrea_Mexico_Barshis-Radice_Host_contig15944",1.63801182477621,-3.22578879803149,1.27551464755403,-2.52900960739053,0.011438489606926,0.655153067630943
"138","Siderastrea_Mexico_Barshis-Radice_Host_contig04428",11.2880977697694,-3.92850784654622,1.55381377786357,-2.52830030375181,0.0114616268718171,0.655153067630943
"139","Siderastrea_Mexico_Barshis-Radice_Host_contig04290",40.485318584419,1.22522510430166,0.485558914744077,2.52332943973944,0.0116249438154802,0.655153067630943
"140","Siderastrea_Mexico_Barshis-Radice_Host_contig11211",6.62933748906745,1.59006512334262,0.630624653479459,2.52141287938786,0.011688461521984,0.655153067630943
"141","Siderastrea_Mexico_Barshis-Radice_Host_contig18118",5.2657790403523,-1.5272934783934,0.606214725988303,-2.51939356290542,0.0117557176216864,0.655153067630943
"142","Siderastrea_Mexico_Barshis-Radice_Host_contig17866",21.7538283630163,1.55801901843385,0.618620959979936,2.518535774288,0.0117843911693313,0.655153067630943
"143","Siderastrea_Mexico_Barshis-Radice_Host_contig04248",3.58396871545839,1.80323572388874,0.716045182990458,2.51832672954769,0.011791388361636,0.655153067630943
"144","Siderastrea_Mexico_Barshis-Radice_Host_contig09775",48.0062840029222,-1.16477432187277,0.463708716070732,-2.51186635382351,0.0120094560166083,0.655153067630943
"145","Siderastrea_Mexico_Barshis-Radice_Host_contig04646",6.19522958287424,1.70594616208829,0.679224464845271,2.51160882798429,0.0120182223256925,0.655153067630943
"146","Siderastrea_Mexico_Barshis-Radice_Host_contig05154",773.520849476244,-3.36814378839626,1.34305897242466,-2.50781526169,0.0121480160405007,0.655153067630943
"147","Siderastrea_Mexico_Barshis-Radice_Host_contig18328",15.8936718288377,-1.57884665540836,0.629861145804655,-2.50665827845495,0.0121878477003098,0.655153067630943
"148","Siderastrea_Mexico_Barshis-Radice_Host_contig14121",8.75585389127823,-1.66876059666414,0.665758946410806,-2.5065537694396,0.0121914513427005,0.655153067630943
"149","Siderastrea_Mexico_Barshis-Radice_Host_contig01741",4.54681059692559,-2.74950255747178,1.09713952262763,-2.50606463514027,0.0122083300496511,0.655153067630943
"150","Siderastrea_Mexico_Barshis-Radice_Host_contig12536",2.7800303225643,-2.68429092224707,1.07576857188126,-2.49523084463501,0.0125875210578527,0.667652999107874
"151","Siderastrea_Mexico_Barshis-Radice_Host_contig10602",52.3082667350179,-1.51401534878413,0.607616610847331,-2.4917280432357,0.0127123332036325,0.667652999107874
"152","Siderastrea_Mexico_Barshis-Radice_Host_contig11335",6.92229055197627,-1.70653897587703,0.685569426131305,-2.48922853153924,0.0128020645012018,0.667652999107874
"153","Siderastrea_Mexico_Barshis-Radice_Host_contig11637",4.48811082134518,1.62918414231626,0.654591259517807,2.48885715876556,0.012815444324841,0.667652999107874
"154","Siderastrea_Mexico_Barshis-Radice_Host_contig16709",2.02873167169995,2.25742527793945,0.908375387311227,2.4851237819437,0.0129506394729334,0.667652999107874
"155","Siderastrea_Mexico_Barshis-Radice_Host_contig17524",12.1355767749797,1.23041264024189,0.495324387991045,2.48405422804285,0.012989602553962,0.667652999107874
"156","Siderastrea_Mexico_Barshis-Radice_Host_contig15477",2.89324134344471,-2.30638116061739,0.931151619433158,-2.47691258059714,0.0132524356990518,0.667652999107874
"157","Siderastrea_Mexico_Barshis-Radice_Host_contig09619",3.04046301733814,-2.10423026380334,0.849707254035265,-2.47641791194595,0.0132708138309784,0.667652999107874
"158","Siderastrea_Mexico_Barshis-Radice_Host_contig03721",4.46753282982525,-2.3006676955295,0.932640924960679,-2.4668311607991,0.0136314615456863,0.667652999107874
"159","Siderastrea_Mexico_Barshis-Radice_Host_contig04362",4.60328084108953,1.6435873081418,0.66635118604354,2.46654818445,0.0136422372394018,0.667652999107874
"160","Siderastrea_Mexico_Barshis-Radice_Host_contig16352",2.82241694681507,2.72779130345761,1.10674974844489,2.46468662612344,0.0137133128332013,0.667652999107874
"161","Siderastrea_Mexico_Barshis-Radice_Host_contig03512",31.3774174848313,1.23639266638188,0.502145097329327,2.46222192142803,0.0138079200472019,0.667652999107874
"162","Siderastrea_Mexico_Barshis-Radice_Host_contig18095",5.36222327506805,1.58165459540399,0.642565692763435,2.46146754054342,0.0138369917828928,0.667652999107874
"163","Siderastrea_Mexico_Barshis-Radice_Host_contig03190",11.2829045109766,-1.66555233545975,0.676765100981508,-2.46104938485186,0.0138531296080499,0.667652999107874
"164","Siderastrea_Mexico_Barshis-Radice_Host_contig10090",21.6679729936257,1.45323846314766,0.59068108437727,2.46027594514856,0.0138830226610356,0.667652999107874
"165","Siderastrea_Mexico_Barshis-Radice_Host_contig06329",5.6635303070598,-2.2618946051604,0.919650827022397,-2.45951456650548,0.0139125051716956,0.667652999107874
"166","Siderastrea_Mexico_Barshis-Radice_Host_contig10555",8.88302054673946,1.29601014232396,0.527030348473944,2.4590806697881,0.0139293314664546,0.667652999107874
"167","Siderastrea_Mexico_Barshis-Radice_Host_contig14473",7.73196655592456,-1.57347820546918,0.639964283309413,-2.45869690935303,0.0139442284706122,0.667652999107874
"168","Siderastrea_Mexico_Barshis-Radice_Host_contig14420",11.9158719584901,1.37878422491301,0.561915576420514,2.4537213111195,0.0141386508746842,0.668951652706945
"169","Siderastrea_Mexico_Barshis-Radice_Host_contig11008",5.21858268704839,-1.9646902356347,0.800698383042254,-2.45372074834203,0.0141386729999342,0.668951652706945
"170","Siderastrea_Mexico_Barshis-Radice_Host_contig13093",10.3192462047009,1.59522648156442,0.651617613958348,2.44810214977766,0.0143610934063771,0.675478252219948
"171","Siderastrea_Mexico_Barshis-Radice_Host_contig02860",10.4282568941297,1.89918903401522,0.777845478322009,2.44160194658739,0.0146222591807824,0.683412129228685
"172","Siderastrea_Mexico_Barshis-Radice_Host_contig12738",265.682989957226,-1.04481557877149,0.42826114354075,-2.43966933383971,0.0147007111339837,0.683412129228685
"173","Siderastrea_Mexico_Barshis-Radice_Host_contig07380",6.04800544702561,-2.3722356738403,0.974585245922948,-2.43409766745828,0.0149289662415222,0.683450897773429
"174","Siderastrea_Mexico_Barshis-Radice_Host_contig16239",26.9859792668054,-4.68951003259792,1.92684619344751,-2.43377496789583,0.0149422814571382,0.683450897773429
"175","Siderastrea_Mexico_Barshis-Radice_Host_contig18341",39.1641285973832,2.19510098151497,0.902073381726364,2.43339513833569,0.01495796737248,0.683450897773429
"176","Siderastrea_Mexico_Barshis-Radice_Host_contig10399",4.05545947257121,1.76788822537367,0.728962416746916,2.42521175956243,0.0152994596610862,0.691445773712106
"177","Siderastrea_Mexico_Barshis-Radice_Host_contig02069",11.479306639331,1.97050177249514,0.814239638710852,2.42005139373335,0.0155183136794899,0.691445773712106
"178","Siderastrea_Mexico_Barshis-Radice_Host_contig05556",24.017963864275,-1.21801677760802,0.503745430200468,-2.41792124471145,0.0156094548271374,0.691445773712106
"179","Siderastrea_Mexico_Barshis-Radice_Host_contig13706",3.77409603122009,-2.01910888730553,0.835195478608708,-2.41752851759808,0.0156263094821529,0.691445773712106
"180","Siderastrea_Mexico_Barshis-Radice_Host_contig06070",29.6449627442508,1.11521344142796,0.461394906366408,2.41704757906958,0.0156469717122846,0.691445773712106
"181","Siderastrea_Mexico_Barshis-Radice_Host_contig05152",6.10843643182917,1.75795559251074,0.727348962333154,2.41693558876011,0.0156517865234982,0.691445773712106
"182","Siderastrea_Mexico_Barshis-Radice_Host_contig15567",5.1064020829005,-1.72769597584755,0.717452892281815,-2.40809674674628,0.016035930861216,0.701031151819824
"183","Siderastrea_Mexico_Barshis-Radice_Host_contig10884",2.76516056482593,-3.07529802092142,1.27786109444443,-2.40659805223858,0.0161018809367937,0.701031151819824
"184","Siderastrea_Mexico_Barshis-Radice_Host_contig18072",3.14272952724558,1.9988281331588,0.830795645844971,2.40592032848928,0.0161317823830475,0.701031151819824
"185","Siderastrea_Mexico_Barshis-Radice_Host_contig07259",2.60037503532413,-2.32720667370382,0.969943834482584,-2.39932106475553,0.0164255055069017,0.703556711190814
"186","Siderastrea_Mexico_Barshis-Radice_Host_contig14393",9.69529445853363,-1.46458896262127,0.610747142449513,-2.39802835056628,0.0164835893833439,0.703556711190814
"187","Siderastrea_Mexico_Barshis-Radice_Host_contig06907",27.665136522572,1.11855927639294,0.466578682110816,2.39736473027989,0.0165134770082676,0.703556711190814
"188","Siderastrea_Mexico_Barshis-Radice_Host_contig11840",9.12410738337598,2.71414450030219,1.13243382381352,2.39673563543182,0.016541853639804,0.703556711190814
"189","Siderastrea_Mexico_Barshis-Radice_Host_contig17687",11.2625726256465,-1.34020645309358,0.559867930753096,-2.39379035568411,0.0166752769734382,0.70547891364874
"190","Siderastrea_Mexico_Barshis-Radice_Host_contig01833",5.61486451706527,2.19123329571821,0.916933657593334,2.38974028008691,0.0168602910721903,0.709552039017021
"191","Siderastrea_Mexico_Barshis-Radice_Host_contig09902",4.84920638838207,1.78581097929084,0.748627309467579,2.38544728025071,0.0170583671637173,0.711502785430945
"192","Siderastrea_Mexico_Barshis-Radice_Host_contig10396",5.10481219226921,1.89428542300826,0.795748911013502,2.380506459752,0.0172888579096761,0.711502785430945
"193","Siderastrea_Mexico_Barshis-Radice_Host_contig06067",9.55577670775879,-1.43634846637792,0.60339917340046,-2.38042829638524,0.0172925260956749,0.711502785430945
"194","Siderastrea_Mexico_Barshis-Radice_Host_contig00825",3.03758861206614,2.01077148558013,0.846382122966752,2.3757253739386,0.0175144928492751,0.711502785430945
"195","Siderastrea_Mexico_Barshis-Radice_Host_contig07602",2.96651238267375,-2.22980333254612,0.939567016262297,-2.37322436180926,0.0176335489941784,0.711502785430945
"196","Siderastrea_Mexico_Barshis-Radice_Host_contig02646",3.76603886339949,-2.41375104427312,1.01848404000684,-2.36994488814661,0.017790736928401,0.711502785430945
"197","Siderastrea_Mexico_Barshis-Radice_Host_contig10998",16.1659500550027,-1.27366275087328,0.537524361126139,-2.36949772509826,0.0178122646706342,0.711502785430945
"198","Siderastrea_Mexico_Barshis-Radice_Host_contig12586",13.5971450389374,1.33292595082936,0.562911276420615,2.36791481475561,0.0178886541401253,0.711502785430945
"199","Siderastrea_Mexico_Barshis-Radice_Host_contig03154",7.58387957000497,-1.34461414987283,0.568321982382753,-2.36593725309619,0.0179844921962737,0.711502785430945
"200","Siderastrea_Mexico_Barshis-Radice_Host_contig09599",3.27277584547722,-1.94488568064104,0.822208940894637,-2.36543971234956,0.018008675081288,0.711502785430945
"201","Siderastrea_Mexico_Barshis-Radice_Host_contig12993",3.12698875547952,-2.24189249501534,0.948072019439098,-2.36468585618811,0.0180453704058882,0.711502785430945
"202","Siderastrea_Mexico_Barshis-Radice_Host_contig11838",2.48881452923195,-2.89194339762315,1.22352959550943,-2.36360722963883,0.0180979884039038,0.711502785430945
"203","Siderastrea_Mexico_Barshis-Radice_Host_contig02883",2.85476638021194,2.13714029064865,0.904570129759047,2.36260320824205,0.018147087681097,0.711502785430945
"204","Siderastrea_Mexico_Barshis-Radice_Host_contig05895",7.36859468892473,-1.31757125965807,0.557703353464822,-2.3624947769678,0.0181523972271026,0.711502785430945
"205","Siderastrea_Mexico_Barshis-Radice_Host_contig17968",4.35234857454535,-1.91867700877365,0.814837777148568,-2.35467360814792,0.0185389814933905,0.719975965346705
"206","Siderastrea_Mexico_Barshis-Radice_Host_contig07994",2.02747125682949,-2.89183718487121,1.22922531647783,-2.35256884649704,0.0186442380276807,0.719975965346705
"207","Siderastrea_Mexico_Barshis-Radice_Host_contig04434",2.96162933553063,-1.87127988863597,0.795843289829158,-2.35131704011436,0.0187070869653485,0.719975965346705
"208","Siderastrea_Mexico_Barshis-Radice_Host_contig08362",31.2487175709674,1.29800668401047,0.552134956541892,2.35088662406034,0.0187287394687487,0.719975965346705
"209","Siderastrea_Mexico_Barshis-Radice_Host_contig13918",31.4886129053349,-0.771160353645179,0.329021666304669,-2.3437980917983,0.0190885017918668,0.726396961223638
"210","Siderastrea_Mexico_Barshis-Radice_Host_contig11957",49.8541948735736,0.802698698362411,0.342945755980995,2.34059959735118,0.0192528025005811,0.726396961223638
"211","Siderastrea_Mexico_Barshis-Radice_Host_contig12393",14.1144209359196,-4.49471624018666,1.9227356192217,-2.33766732943039,0.0194045122279258,0.726396961223638
"212","Siderastrea_Mexico_Barshis-Radice_Host_contig05344",3.61162962080895,1.63748446869924,0.700808926199771,2.33656337338441,0.0194618987921781,0.726396961223638
"213","Siderastrea_Mexico_Barshis-Radice_Host_contig07626",5.77021729250737,-1.44628155786275,0.619404299849047,-2.3349556311043,0.0195457386952462,0.726396961223638
"214","Siderastrea_Mexico_Barshis-Radice_Host_contig09821",5.54074457626381,1.92330855470319,0.824032749122284,2.33401956020777,0.0195946977269367,0.726396961223638
"215","Siderastrea_Mexico_Barshis-Radice_Host_contig16077",8.57093802836779,-1.22103429433428,0.525035433892962,-2.32562264470555,0.0200386904562064,0.726396961223638
"216","Siderastrea_Mexico_Barshis-Radice_Host_contig02508",5.3566931864405,-1.76476062574824,0.759074248601124,-2.32488538374272,0.0200780897364932,0.726396961223638
"217","Siderastrea_Mexico_Barshis-Radice_Host_contig08449",96.6630664186001,1.11128707461178,0.478011797145914,2.32481098007829,0.0200820696269985,0.726396961223638
"218","Siderastrea_Mexico_Barshis-Radice_Host_contig06624",28.3576960522025,1.45949299002755,0.627948990315654,2.32422220998221,0.0201135875317411,0.726396961223638
"219","Siderastrea_Mexico_Barshis-Radice_Host_contig18016",7.99996628934067,-1.49458639446619,0.643540785842123,-2.32244238026096,0.0202091276004907,0.726396961223638
"220","Siderastrea_Mexico_Barshis-Radice_Host_contig13842",2.91683503225201,2.39445402042556,1.03273305538427,2.31856045271507,0.0204188815317892,0.726396961223638
"221","Siderastrea_Mexico_Barshis-Radice_Host_contig13242",2.16505873870197,-2.60790625029868,1.12556143494799,-2.316982591376,0.0205046800994926,0.726396961223638
"222","Siderastrea_Mexico_Barshis-Radice_Host_contig12282",4.81222948636637,-1.66911890677489,0.720737894736999,-2.31584729894626,0.0205666076602332,0.726396961223638
"223","Siderastrea_Mexico_Barshis-Radice_Host_contig03856",1.77808489042507,2.83698110638306,1.22575239493826,2.31448138963331,0.0206413309383461,0.726396961223638
"224","Siderastrea_Mexico_Barshis-Radice_Host_contig04633",2.19345091439009,2.21261848331699,0.956039319638724,2.31435929241186,0.0206480218860047,0.726396961223638
"225","Siderastrea_Mexico_Barshis-Radice_Host_contig17631",4.29381082570588,-1.9346485634027,0.836090575002813,-2.31392222474962,0.0206719887683078,0.726396961223638
"226","Siderastrea_Mexico_Barshis-Radice_Host_contig05505",31.3213064292968,-4.19986855891531,1.81548604517972,-2.31335766532953,0.0207029826384324,0.726396961223638
"227","Siderastrea_Mexico_Barshis-Radice_Host_contig13577",6.13307964628508,-1.90809939498731,0.825179462586306,-2.31234474620452,0.0207586926653518,0.726396961223638
"228","Siderastrea_Mexico_Barshis-Radice_Host_contig08049",7.52542135826731,-1.63462095620097,0.707274932713818,-2.31115352827354,0.0208243762079916,0.726396961223638
"229","Siderastrea_Mexico_Barshis-Radice_Host_contig04922",5.41941540621578,-1.91758295072141,0.832121919519014,-2.30444951123246,0.0211974234273746,0.726396961223638
"230","Siderastrea_Mexico_Barshis-Radice_Host_contig16771",4.77213775061383,2.07416880873298,0.900122734499025,2.30431776605152,0.0212048123821174,0.726396961223638
"231","Siderastrea_Mexico_Barshis-Radice_Host_contig01943",4.58021255183845,-1.83353179604185,0.796384705307909,-2.30231919802245,0.0213171779513147,0.726396961223638
"232","Siderastrea_Mexico_Barshis-Radice_Host_contig08989",22.0209928190998,-4.10088001649217,1.78155312653818,-2.30185670884864,0.0213432542645062,0.726396961223638
"233","Siderastrea_Mexico_Barshis-Radice_Host_contig12808",30.0269789848158,-1.21322744617421,0.527477462199802,-2.30005551538552,0.0214450750712992,0.726396961223638
"234","Siderastrea_Mexico_Barshis-Radice_Host_contig15097",47.9813097191307,-1.06906039777075,0.464984087419193,-2.29913329659166,0.0214973712907293,0.726396961223638
"235","Siderastrea_Mexico_Barshis-Radice_Host_contig15653",2.85457412037661,2.39356210820846,1.04183687989162,2.2974442107074,0.0215934421775644,0.726396961223638
"236","Siderastrea_Mexico_Barshis-Radice_Host_contig14693",1.99725396419832,-2.63801694406427,1.14889689230917,-2.29613028090111,0.0216684333875437,0.726396961223638
"237","Siderastrea_Mexico_Barshis-Radice_Host_contig18663",5.07573795917396,2.14382380717745,0.933965558166181,2.29539921299324,0.0217102564202077,0.726396961223638
"238","Siderastrea_Mexico_Barshis-Radice_Host_contig09613",3.82549826357078,-1.75330670297923,0.765361000757954,-2.29082315566497,0.0219736438254256,0.726396961223638
"239","Siderastrea_Mexico_Barshis-Radice_Host_contig06435",17.7932076995369,1.46881610055495,0.641404352026242,2.29000020956337,0.0220213045005793,0.726396961223638
"240","Siderastrea_Mexico_Barshis-Radice_Host_contig09732",4.53599941975024,1.4603568340008,0.637853051672952,2.2894878846634,0.0220510210404011,0.726396961223638
"241","Siderastrea_Mexico_Barshis-Radice_Host_contig03880",12.2652026814598,1.35139954494351,0.590274540923056,2.28944237173135,0.0220536626273869,0.726396961223638
"242","Siderastrea_Mexico_Barshis-Radice_Host_contig01190",7.44239870138397,1.83677564297863,0.802598293619951,2.28853669086965,0.0221062859411645,0.726396961223638
"243","Siderastrea_Mexico_Barshis-Radice_Host_contig01705",27.3603298783572,-1.20116646374448,0.52495359692619,-2.2881383626625,0.022129464801334,0.726396961223638
"244","Siderastrea_Mexico_Barshis-Radice_Host_contig02450",2.33567132347748,-2.94777829306508,1.28951291300321,-2.28596260133593,0.0222564465602682,0.726396961223638
"245","Siderastrea_Mexico_Barshis-Radice_Host_contig18572",7.07067662484976,-1.57078500953707,0.687160467677156,-2.28590712566291,0.0222596924975544,0.726396961223638
"246","Siderastrea_Mexico_Barshis-Radice_Host_contig02974",111.6820359032,-0.541700001076467,0.23735617878137,-2.28222414035166,0.0224761105685675,0.726396961223638
"247","Siderastrea_Mexico_Barshis-Radice_Host_contig09617",30.9172724277872,1.09771327541677,0.481029833463474,2.28200664294167,0.0224889480646177,0.726396961223638
"248","Siderastrea_Mexico_Barshis-Radice_Host_contig00631",2.97204696151602,-2.27803058203617,0.998558496210756,-2.28131911218085,0.0225295705832244,0.726396961223638
"249","Siderastrea_Mexico_Barshis-Radice_Host_contig12600",3.12888917988894,2.20706739746,0.970503437348199,2.2741469144,0.0229571547691132,0.734685105327367
"250","Siderastrea_Mexico_Barshis-Radice_Host_contig03456",4.82376217840674,1.72184732207123,0.75794640618822,2.27172700868198,0.0231030038372689,0.734685105327367
"251","Siderastrea_Mexico_Barshis-Radice_Host_contig10039",46.0332111600092,-1.00130815024532,0.441471372764897,-2.26811569677603,0.0233221558967078,0.734685105327367
"252","Siderastrea_Mexico_Barshis-Radice_Host_contig11000",32.691584585691,-1.11474887593947,0.491599550059934,-2.26759539508033,0.0233538786163733,0.734685105327367
"253","Siderastrea_Mexico_Barshis-Radice_Host_contig01524",6.08176855293266,-1.34999458812761,0.596243431281485,-2.26416681056949,0.0235638570570808,0.734685105327367
"254","Siderastrea_Mexico_Barshis-Radice_Host_contig09012",24.9318336336243,-1.21681748448718,0.537512747878876,-2.26379279242951,0.0235868620367415,0.734685105327367
"255","Siderastrea_Mexico_Barshis-Radice_Host_contig14750",2.33158536312082,-2.57511850865886,1.13838480762005,-2.262080881106,0.0236924066085504,0.734685105327367
"256","Siderastrea_Mexico_Barshis-Radice_Host_contig08951",4.97662136510088,-1.52136261350892,0.672679635911839,-2.26164511647014,0.0237193381687054,0.734685105327367
"257","Siderastrea_Mexico_Barshis-Radice_Host_contig06883",8.10760556008991,1.19330086824399,0.528383450162595,2.25839940270042,0.0239207699376327,0.734685105327367
"258","Siderastrea_Mexico_Barshis-Radice_Host_contig06908",4.14054572606684,1.73219170300647,0.767223622184359,2.25774031575664,0.0239618541711692,0.734685105327367
"259","Siderastrea_Mexico_Barshis-Radice_Host_contig19198",15.5227721984355,1.44746781701974,0.641442811527249,2.25658124310939,0.0240342534983899,0.734685105327367
"260","Siderastrea_Mexico_Barshis-Radice_Host_contig05018",5.70870566545728,-1.42491429703193,0.63156642345782,-2.25615904219628,0.0240606725886717,0.734685105327367
"261","Siderastrea_Mexico_Barshis-Radice_Host_contig06150",34.0550270115394,-0.801215370436366,0.35522584994963,-2.25550975682084,0.0241013505573534,0.734685105327367
"262","Siderastrea_Mexico_Barshis-Radice_Host_contig09698",4.42902377589033,2.28821587490916,1.0148063539386,2.25483006292608,0.024143997500862,0.734685105327367
"263","Siderastrea_Mexico_Barshis-Radice_Host_contig16119",4.52221739356568,-1.93531852405046,0.858469073569843,-2.25438351087322,0.0241720517126284,0.734685105327367
"264","Siderastrea_Mexico_Barshis-Radice_Host_contig18036",8.48187195426268,1.57217587082681,0.698239762233983,2.25162752948459,0.0243458198522021,0.734685105327367
"265","Siderastrea_Mexico_Barshis-Radice_Host_contig16624",20.7595525214076,-5.04132728579528,2.24129100943897,-2.24929617107472,0.0244936592719872,0.734685105327367
"266","Siderastrea_Mexico_Barshis-Radice_Host_contig01822",3.28240761796968,1.92754878927345,0.857499813275467,2.24787079767473,0.0245844297627405,0.734685105327367
"267","Siderastrea_Mexico_Barshis-Radice_Host_contig15629",5.78674068244159,-1.50399263670927,0.669258459596599,-2.24725233598961,0.0246239051533581,0.734685105327367
"268","Siderastrea_Mexico_Barshis-Radice_Host_contig02920",4.78607035512051,1.50605664175443,0.670178588297854,2.24724673102369,0.0246242631600468,0.734685105327367
"269","Siderastrea_Mexico_Barshis-Radice_Host_contig16758",4.36711059852385,-2.03437517269403,0.906964723988299,-2.24305876390433,0.024893025337901,0.737148843138708
"270","Siderastrea_Mexico_Barshis-Radice_Host_contig13745",8.71843837287361,1.24295099071552,0.554224032756272,2.24268692307345,0.0249170104968823,0.737148843138708
"271","Siderastrea_Mexico_Barshis-Radice_Host_contig12050",13.0898857938423,1.18952565823831,0.530664990556514,2.24157553146824,0.0249888188524385,0.737148843138708
"272","Siderastrea_Mexico_Barshis-Radice_Host_contig12106",3.7913568931532,1.5768425269156,0.70387336365728,2.24023611111298,0.0250755984659491,0.737148843138708
"273","Siderastrea_Mexico_Barshis-Radice_Host_contig13415",3.78814903831261,-2.06611356217862,0.926668891219082,-2.22961359958954,0.0257731062207989,0.749216204474845
"274","Siderastrea_Mexico_Barshis-Radice_Host_contig13260",3.52741672769579,1.72454878204453,0.773731257281286,2.22887309490921,0.0258223497386444,0.749216204474845
"275","Siderastrea_Mexico_Barshis-Radice_Host_contig09010",4.41751980495952,-1.5782096880752,0.708146623810345,-2.22864818529146,0.0258373223149704,0.749216204474845
"276","Siderastrea_Mexico_Barshis-Radice_Host_contig13142",41.0413176740405,-0.752962657357804,0.337950803917173,-2.22802445986293,0.0258788839531024,0.749216204474845
"277","Siderastrea_Mexico_Barshis-Radice_Host_contig11597",9.02129896852066,1.1295058787812,0.507212116774545,2.22689056792243,0.0259545883741286,0.749216204474845
"278","Siderastrea_Mexico_Barshis-Radice_Host_contig00737",5.35367108925849,-1.63380389020275,0.736308781199961,-2.21891132079146,0.0264927581829995,0.755633913875904
"279","Siderastrea_Mexico_Barshis-Radice_Host_contig17107",17.9353889273468,1.25358687027094,0.565719448476102,2.21591616418309,0.0266972442943249,0.755633913875904
"280","Siderastrea_Mexico_Barshis-Radice_Host_contig11481",5.33729545323939,1.84048535404059,0.830817667702529,2.21526987880518,0.0267415460215085,0.755633913875904
"281","Siderastrea_Mexico_Barshis-Radice_Host_contig17287",31.0186597713706,1.22986277725012,0.555361339218909,2.21452717428957,0.0267925354981124,0.755633913875904
"282","Siderastrea_Mexico_Barshis-Radice_Host_contig00176",9.95698257257104,1.44866113276479,0.654539885765942,2.21325111619374,0.0268803377660342,0.755633913875904
"283","Siderastrea_Mexico_Barshis-Radice_Host_contig16780",6.47725024644249,-1.48123264497228,0.669265942712342,-2.2132198135905,0.026882494735692,0.755633913875904
"284","Siderastrea_Mexico_Barshis-Radice_Host_contig14081",3.65239599378845,1.71183008800997,0.773484932976886,2.21313953902335,0.026888026901338,0.755633913875904
"285","Siderastrea_Mexico_Barshis-Radice_Host_contig16810",4.34496805663203,1.59761058556322,0.722162980192196,2.21225766119724,0.0269488667362187,0.755633913875904
"286","Siderastrea_Mexico_Barshis-Radice_Host_contig01841",8.51382564774475,1.11177970160239,0.502829037197235,2.21104912277828,0.0270324355584979,0.755633913875904
"287","Siderastrea_Mexico_Barshis-Radice_Host_contig03499",4.15561173001382,-1.95731491233524,0.885759650305092,-2.20975849561567,0.0271219276241101,0.755633913875904
"288","Siderastrea_Mexico_Barshis-Radice_Host_contig12526",1.10184890641689,2.74031917372597,1.24303406765874,2.20454068397929,0.0274863420488597,0.763127746606536
"289","Siderastrea_Mexico_Barshis-Radice_Host_contig09583",25.6824169417559,0.932377311020464,0.423579338504163,2.20118694720352,0.0277227919654816,0.767029219916923
"290","Siderastrea_Mexico_Barshis-Radice_Host_contig01389",5.26667497932328,-1.31324037133548,0.598510956035654,-2.19417933471755,0.0282225196027986,0.778162988772336
"291","Siderastrea_Mexico_Barshis-Radice_Host_contig12589",12.403964981951,-1.31806336186266,0.601553462213323,-2.19109928652568,0.0284446083583515,0.780895968347936
"292","Siderastrea_Mexico_Barshis-Radice_Host_contig15262",4.50882154713567,-1.80297190208747,0.82323712640862,-2.19010032984415,0.0285169613253623,0.780895968347936
"293","Siderastrea_Mexico_Barshis-Radice_Host_contig03707",3.24871735467668,2.26164830264422,1.03397787465107,2.18732756095719,0.0287186201318094,0.781902092092366
"294","Siderastrea_Mexico_Barshis-Radice_Host_contig03694",2.92777366150831,-2.01530706080791,0.922075114714879,-2.18562135410311,0.0288433190030506,0.781902092092366
"295","Siderastrea_Mexico_Barshis-Radice_Host_contig14536",7.67057376284697,1.5206498392369,0.695768007695236,2.18557022228447,0.0288470631774947,0.781902092092366
"296","Siderastrea_Mexico_Barshis-Radice_Host_contig13059",7.44979434638081,1.81429290794151,0.831892780042734,2.18092157002289,0.0291892180019246,0.787474732480551
"297","Siderastrea_Mexico_Barshis-Radice_Host_contig14497",3.31312388223139,-2.15729496412004,0.989536848019877,-2.18010574182954,0.0292496242554682,0.787474732480551
"298","Siderastrea_Mexico_Barshis-Radice_Host_contig06035",9.16746991499153,-3.60116616296161,1.65658481270245,-2.17384955804761,0.0297164352998508,0.797357774018816
"299","Siderastrea_Mexico_Barshis-Radice_Host_contig16217",4.94843500545063,-1.57518532905495,0.725456488609867,-2.17130228178584,0.0299083299499172,0.798571831540162
"300","Siderastrea_Mexico_Barshis-Radice_Host_contig13511",4.96408863286076,-1.799484231523,0.829658118478597,-2.16894669194926,0.0300867313016705,0.798571831540162
"301","Siderastrea_Mexico_Barshis-Radice_Host_contig00972",48.7450290335999,-0.893712376661153,0.412286443554502,-2.16769770297579,0.0301816943635577,0.798571831540162
"302","Siderastrea_Mexico_Barshis-Radice_Host_contig14677",3.70230992556549,-1.71036838187881,0.789392779394567,-2.16668865807285,0.0302586020007683,0.798571831540162
"303","Siderastrea_Mexico_Barshis-Radice_Host_contig08533",4.29681440396428,1.47021716527993,0.678564882196255,2.16665672488297,0.0302610386389031,0.798571831540162
"304","Siderastrea_Mexico_Barshis-Radice_Host_contig07125",17.5298252283305,1.25650471575851,0.581183570739681,2.1619756287318,0.0306200547755694,0.80538801968899
"305","Siderastrea_Mexico_Barshis-Radice_Host_contig19090",7.71867782450416,-1.5711052376445,0.729632731572198,-2.15328228800688,0.0312964999317468,0.819572810585427
"306","Siderastrea_Mexico_Barshis-Radice_Host_contig13754",19.9191015017348,-1.15281043524691,0.536118179036319,-2.15029163405558,0.0315321537349999,0.819572810585427
"307","Siderastrea_Mexico_Barshis-Radice_Host_contig08371",3.71212111555253,-1.81004870981512,0.842571787243344,-2.14824272212708,0.0316944784501656,0.819572810585427
"308","Siderastrea_Mexico_Barshis-Radice_Host_contig13778",5.06876864946031,-1.76702101585851,0.822755157620053,-2.14768755867771,0.0317385843759663,0.819572810585427
"309","Siderastrea_Mexico_Barshis-Radice_Host_contig12603",6.66621721447592,-1.25185037557283,0.583087827736675,-2.14693278786497,0.0317986328650257,0.819572810585427
"310","Siderastrea_Mexico_Barshis-Radice_Host_contig18010",9.4991169577415,1.13746619509239,0.530184569476714,2.14541550353881,0.0319196406218846,0.819572810585427
"311","Siderastrea_Mexico_Barshis-Radice_Host_contig08295",3.74332423724707,1.92295442034788,0.896605722983321,2.14470460209594,0.0319764727164132,0.819572810585427
"312","Siderastrea_Mexico_Barshis-Radice_Host_contig05506",17.8067866539916,1.1905676609911,0.555128888102429,2.14466889853411,0.0319793292774704,0.819572810585427
"313","Siderastrea_Mexico_Barshis-Radice_Host_contig07688",29.15655277813,-0.850918745100289,0.39727151261737,-2.14190728022285,0.0322009439144025,0.822615806835663
"314","Siderastrea_Mexico_Barshis-Radice_Host_contig18274",5.66758298694645,-1.20342952246269,0.562391999384426,-2.13984111399153,0.0323676093174049,0.824240140452132
"315","Siderastrea_Mexico_Barshis-Radice_Host_contig03644",20.6469997770139,-1.06597300448534,0.498559072194497,-2.13810772671986,0.032508000971094,0.824603411569245
"316","Siderastrea_Mexico_Barshis-Radice_Host_contig02328",3.10528526304267,-1.67537344130972,0.783939339105151,-2.13712127678415,0.0325881288213959,0.824603411569245
"317","Siderastrea_Mexico_Barshis-Radice_Host_contig11836",3.97595489073575,-2.02364803179983,0.947876200526305,-2.1349286232487,0.0327668408652301,0.826070785944844
"318","Siderastrea_Mexico_Barshis-Radice_Host_contig15482",3.09260462584878,1.64793945205735,0.772757875515064,2.13254306979266,0.0329622277450039,0.826070785944844
"319","Siderastrea_Mexico_Barshis-Radice_Host_contig01754",10.3161736821532,1.31650489782594,0.617510816664467,2.13195439221153,0.0330105960627055,0.826070785944844
"320","Siderastrea_Mexico_Barshis-Radice_Host_contig02987",2.87098458034602,1.93424061238764,0.907514042862763,2.13136163302339,0.0330593611183529,0.826070785944844
"321","Siderastrea_Mexico_Barshis-Radice_Host_contig11650",3.19281369236656,-2.52965559676071,1.18939435641654,-2.12684345029361,0.0334330927498955,0.831882114321242
"322","Siderastrea_Mexico_Barshis-Radice_Host_contig02667",39.653958993514,-2.46633347472165,1.16011198557296,-2.12594431002587,0.0335078968238328,0.831882114321242
"323","Siderastrea_Mexico_Barshis-Radice_Host_contig10746",2.18836163326707,-2.00827678791052,0.945419768013005,-2.12421704713382,0.0336519983984862,0.831882114321242
"324","Siderastrea_Mexico_Barshis-Radice_Host_contig02003",9.07465325543271,-1.1321223326623,0.533128099542338,-2.12354654281807,0.0337080796698452,0.831882114321242
"325","Siderastrea_Mexico_Barshis-Radice_Host_contig03559",5.17361976231583,-2.24540189917764,1.05842925626027,-2.1214473106226,0.0338841774878217,0.831991590358314
"326","Siderastrea_Mexico_Barshis-Radice_Host_contig18795",6.7632352749409,1.61657618513522,0.762171359863952,2.12101407933221,0.0339206176159092,0.831991590358314
"327","Siderastrea_Mexico_Barshis-Radice_Host_contig13927",3.21691303064485,1.85036197108638,0.874035805621593,2.11703223047074,0.0342571124900452,0.835432374338181
"328","Siderastrea_Mexico_Barshis-Radice_Host_contig06776",3.54660708717743,-1.81166065239161,0.855815599617097,-2.11688201664257,0.0342698622790049,0.835432374338181
"329","Siderastrea_Mexico_Barshis-Radice_Host_contig10499",3.93342317718158,1.42634719303378,0.674189489810837,2.11564732851884,0.0343748133731791,0.835443792498298
"330","Siderastrea_Mexico_Barshis-Radice_Host_contig07684",3.17474608635595,1.80400486195357,0.853371313886976,2.11397410786707,0.0345174788330036,0.836368971965748
"331","Siderastrea_Mexico_Barshis-Radice_Host_contig05912",2.73746112977098,-1.91639849340936,0.907809514950824,-2.11101388765811,0.0347711181905292,0.839253198263901
"332","Siderastrea_Mexico_Barshis-Radice_Host_contig04267",3.91534436635415,-1.45153187557454,0.687884657589467,-2.11013846516231,0.0348464309434236,0.839253198263901
"333","Siderastrea_Mexico_Barshis-Radice_Host_contig10745",5.98655782299626,-1.30810389968904,0.620314681413165,-2.10877468949952,0.0349640343195555,0.839556812069566
"334","Siderastrea_Mexico_Barshis-Radice_Host_contig11534",55.9088702720109,1.1198768635301,0.532420554865488,2.10336895015825,0.0354335304629702,0.847362311977049
"335","Siderastrea_Mexico_Barshis-Radice_Host_contig01158",3.38705287843151,-1.80730937492836,0.859560685260468,-2.10259660070504,0.0355010473377078,0.847362311977049
"336","Siderastrea_Mexico_Barshis-Radice_Host_contig09172",2.28668422714757,-2.34444273372233,1.11681727218515,-2.09921783277512,0.0357977027118888,0.851900091917449
"337","Siderastrea_Mexico_Barshis-Radice_Host_contig03363",5.57231939977555,-1.51951465797175,0.724981077587185,-2.09593699056099,0.0360877807878549,0.856254881838837
"338","Siderastrea_Mexico_Barshis-Radice_Host_contig19240",2.23615681382391,2.19638926213266,1.04857117516022,2.09464966629189,0.0362021466868244,0.856427115111975
"339","Siderastrea_Mexico_Barshis-Radice_Host_contig17407",4.27664942531826,-1.60362203955167,0.768369428458544,-2.08704560613345,0.0368840122155733,0.86521700900363
"340","Siderastrea_Mexico_Barshis-Radice_Host_contig03893",4.20595068597296,-1.69084535978636,0.810387543284154,-2.08646514102881,0.0369365096545287,0.86521700900363
"341","Siderastrea_Mexico_Barshis-Radice_Host_contig05560",3.92764432605208,-1.38502218726137,0.664774376278046,-2.0834470110233,0.037210496943129,0.86521700900363
"342","Siderastrea_Mexico_Barshis-Radice_Host_contig05066",17.1506720849247,-0.891035538406599,0.428075428143184,-2.08149190499335,0.0373889042832062,0.86521700900363
"343","Siderastrea_Mexico_Barshis-Radice_Host_contig19081",2.46310880411586,-1.78570288844111,0.85838092380027,-2.08031520613872,0.037496630960313,0.86521700900363
"344","Siderastrea_Mexico_Barshis-Radice_Host_contig14778",3.20933050416442,-2.46206630267476,1.18358345017246,-2.08017973072876,0.0375090506616902,0.86521700900363
"345","Siderastrea_Mexico_Barshis-Radice_Host_contig15414",3.51008795579269,1.32956927128396,0.639938201102959,2.07765260613039,0.0377413671757538,0.86521700900363
"346","Siderastrea_Mexico_Barshis-Radice_Host_contig04626",4.94203045103707,1.45355616209058,0.699788078420157,2.07713764626018,0.0377888568548155,0.86521700900363
"347","Siderastrea_Mexico_Barshis-Radice_Host_contig07168",102.21763607821,0.890623248236996,0.428933161740055,2.07636836616689,0.0378598946696368,0.86521700900363
"348","Siderastrea_Mexico_Barshis-Radice_Host_contig03410",3.00135206150769,1.73504734962768,0.835742442148983,2.07605508841489,0.0378888562830068,0.86521700900363
"349","Siderastrea_Mexico_Barshis-Radice_Host_contig12063",3.77650470637036,-1.68237312579616,0.811255008122345,-2.07379074267908,0.0380987492959205,0.86521700900363
"350","Siderastrea_Mexico_Barshis-Radice_Host_contig14671",13.6813265213059,-3.99426576306031,1.92632093406342,-2.07352040484486,0.0381238741448301,0.86521700900363
"351","Siderastrea_Mexico_Barshis-Radice_Host_contig16711",10.1664720018952,-1.01551471536822,0.48978519616872,-2.07338793273448,0.0381361910742332,0.86521700900363
"352","Siderastrea_Mexico_Barshis-Radice_Host_contig10468",2.68359709286215,-1.724844200702,0.832306329532556,-2.0723670354288,0.0382312251471459,0.86521700900363
"353","Siderastrea_Mexico_Barshis-Radice_Host_contig08411",3.09400585245938,-2.08621993805208,1.00735024454945,-2.07099759923637,0.038359020411784,0.86521700900363
"354","Siderastrea_Mexico_Barshis-Radice_Host_contig10704",2.35417982530337,1.95221453389126,0.942961810580271,2.07030073963433,0.0384241903753388,0.86521700900363
"355","Siderastrea_Mexico_Barshis-Radice_Host_contig11952",12.6451365422102,1.19327089621925,0.576976324513389,2.06814533893679,0.0386263584113895,0.86521700900363
"356","Siderastrea_Mexico_Barshis-Radice_Host_contig10037",6.61375793041571,1.36276198518319,0.659991596632318,2.06481717666837,0.0389403020018565,0.86521700900363
"357","Siderastrea_Mexico_Barshis-Radice_Host_contig02567",22.5445276020068,1.37675211206311,0.667463665537171,2.06266225885885,0.0391447280585166,0.86521700900363
"358","Siderastrea_Mexico_Barshis-Radice_Host_contig00073",3.74947981012627,1.46983303100531,0.713195395126069,2.06091211616067,0.0393114251704008,0.86521700900363
"359","Siderastrea_Mexico_Barshis-Radice_Host_contig09032",5.16772626675774,-1.38969592361779,0.674484087359392,-2.06038355783671,0.039361887498913,0.86521700900363
"360","Siderastrea_Mexico_Barshis-Radice_Host_contig06102",10.9796185558627,1.1017926314859,0.534899603481841,2.05981201764586,0.0394165152518925,0.86521700900363
"361","Siderastrea_Mexico_Barshis-Radice_Host_contig03582",3.21527099320593,-2.30310813472977,1.11818339659077,-2.05968729436667,0.0394284448415961,0.86521700900363
"362","Siderastrea_Mexico_Barshis-Radice_Host_contig16130",2.43285179234073,-2.59369854987491,1.26016555106662,-2.05822048355438,0.0395689731830312,0.86521700900363
"363","Siderastrea_Mexico_Barshis-Radice_Host_contig02903",2.02917267031047,-2.39987217205138,1.16743343421014,-2.05568223568573,0.0398131553110797,0.86521700900363
"364","Siderastrea_Mexico_Barshis-Radice_Host_contig08610",3.9282335401988,-2.02155040985957,0.983729563858393,-2.05498592715932,0.0398803639951597,0.86521700900363
"365","Siderastrea_Mexico_Barshis-Radice_Host_contig17553",10.6225888511564,1.30900516068501,0.637355710099477,2.05380628108078,0.0399944447868929,0.86521700900363
"366","Siderastrea_Mexico_Barshis-Radice_Host_contig17980",7.74422099566835,1.1738951142408,0.57205085283361,2.05208174837255,0.0401617184012288,0.86521700900363
"367","Siderastrea_Mexico_Barshis-Radice_Host_contig01686",25.5075764687613,-1.00478675113636,0.489825849430942,-2.05131426261737,0.0402363524105625,0.86521700900363
"368","Siderastrea_Mexico_Barshis-Radice_Host_contig11898",2.82812668780271,1.72813525897982,0.842805574868527,2.05045541998154,0.0403200098317272,0.86521700900363
"369","Siderastrea_Mexico_Barshis-Radice_Host_contig12378",7.62496428818294,-1.64373334381384,0.801666532973665,-2.05039536541041,0.0403258650903651,0.86521700900363
"370","Siderastrea_Mexico_Barshis-Radice_Host_contig17703",3.30268745478798,1.63589299716869,0.797900335940084,2.05024728463271,0.0403403058942485,0.86521700900363
"371","Siderastrea_Mexico_Barshis-Radice_Host_contig05959",7.23300916322798,1.33602636902445,0.651885431645506,2.04948032916155,0.0404151694092907,0.86521700900363
"372","Siderastrea_Mexico_Barshis-Radice_Host_contig18612",2.3841671884674,2.26302279114259,1.1052227780929,2.04757161723315,0.0406019927954717,0.86521700900363
"373","Siderastrea_Mexico_Barshis-Radice_Host_contig11664",3.05263119169894,-2.28752130105984,1.11736648336138,-2.04724352763677,0.0406341795979821,0.86521700900363
"374","Siderastrea_Mexico_Barshis-Radice_Host_contig16320",17.6383938884767,0.916420078693658,0.447683012948775,2.04702892936998,0.0406552441796927,0.86521700900363
"375","Siderastrea_Mexico_Barshis-Radice_Host_contig18731",7.10576013045641,-1.25593871367087,0.613544948322259,-2.04701989170515,0.0406561315037739,0.86521700900363
"376","Siderastrea_Mexico_Barshis-Radice_Host_contig15331",7.25763803869942,-1.11384688835055,0.544815922402657,-2.04444628460645,0.0409094788169193,0.86521700900363
"377","Siderastrea_Mexico_Barshis-Radice_Host_contig05607",5.28962865755887,-1.38827139574051,0.679088014294363,-2.04431732929796,0.0409222083669122,0.86521700900363
"378","Siderastrea_Mexico_Barshis-Radice_Host_contig03198",7.04941675753784,-1.55414822781957,0.760695762275877,-2.04306150355014,0.0410463501398058,0.86521700900363
"379","Siderastrea_Mexico_Barshis-Radice_Host_contig15058",5.76761968272936,1.29942214115119,0.636441859643118,2.04169810873194,0.0411814864960569,0.86521700900363
"380","Siderastrea_Mexico_Barshis-Radice_Host_contig07541",40.3783507225294,1.20371448147028,0.589647999610697,2.04141196487567,0.0412098961737885,0.86521700900363
"381","Siderastrea_Mexico_Barshis-Radice_Host_contig17673",2.87400568864384,1.76286666235842,0.864155267460753,2.03998833165532,0.0413514879151492,0.86521700900363
"382","Siderastrea_Mexico_Barshis-Radice_Host_contig18251",106.22371677489,1.41929511455995,0.69644530094702,2.03791326128556,0.0415586081322921,0.86521700900363
"383","Siderastrea_Mexico_Barshis-Radice_Host_contig11998",6.01163334668227,-1.4354867556135,0.705227282973428,-2.03549520880858,0.041801070151763,0.86521700900363
"384","Siderastrea_Mexico_Barshis-Radice_Host_contig06642",7.54004931235957,-1.37403779391601,0.675068960226881,-2.03540360299518,0.0418102791054824,0.86521700900363
"385","Siderastrea_Mexico_Barshis-Radice_Host_contig14243",4.50108250061985,-1.60679603222343,0.789990438240523,-2.03394364595363,0.0419572776723935,0.86521700900363
"386","Siderastrea_Mexico_Barshis-Radice_Host_contig17848",2.81695610214412,-1.73834681908301,0.854797253540571,-2.03363641130428,0.0419882678252785,0.86521700900363
"387","Siderastrea_Mexico_Barshis-Radice_Host_contig16137",5.50836969390602,2.31062748546568,1.13646767916112,2.03316603528159,0.0420357512564112,0.86521700900363
"388","Siderastrea_Mexico_Barshis-Radice_Host_contig03872",3.76738289011777,-1.51189060116567,0.743786534876662,-2.03269423453112,0.0420834241499786,0.86521700900363
"389","Siderastrea_Mexico_Barshis-Radice_Host_contig16920",4.11183416801899,1.50373627552261,0.739806625234014,2.03260720333094,0.0420922231743887,0.86521700900363
"390","Siderastrea_Mexico_Barshis-Radice_Host_contig15627",7.66736570663257,1.2331878148946,0.6079682654629,2.02837530336499,0.0425219586938529,0.871809183887303
"391","Siderastrea_Mexico_Barshis-Radice_Host_contig06032",6.0740850126652,-1.74152759353491,0.860318640275093,-2.02428206481502,0.0429411379321934,0.878151761907464
"392","Siderastrea_Mexico_Barshis-Radice_Host_contig00218",85.0813367779956,-0.895751670675928,0.442875073984562,-2.02258316914705,0.0431161409036663,0.879481282310499
"393","Siderastrea_Mexico_Barshis-Radice_Host_contig15267",11.7007882166125,0.974399020179198,0.482279802773794,2.02040187993571,0.0433417185903499,0.881833032693225
"394","Siderastrea_Mexico_Barshis-Radice_Host_contig16221",4.18888195646341,1.58019288458319,0.782964165709935,2.01821865391551,0.0435684942327412,0.882021355078277
"395","Siderastrea_Mexico_Barshis-Radice_Host_contig06707",46.1381661078313,1.30252833099407,0.646400173464937,2.01504947625873,0.0438994652708852,0.882021355078277
"396","Siderastrea_Mexico_Barshis-Radice_Host_contig01558",2.61158050791967,1.74294641762394,0.865269037172819,2.01434044527798,0.0439738023624691,0.882021355078277
"397","Siderastrea_Mexico_Barshis-Radice_Host_contig18752",6.46111603322449,1.38339303270754,0.687139412624531,2.01326398586811,0.0440868649710589,0.882021355078277
"398","Siderastrea_Mexico_Barshis-Radice_Host_contig13649",1.89283412112925,-1.96060398044974,0.974971671793487,-2.01093430421743,0.0443323963507626,0.882021355078277
"399","Siderastrea_Mexico_Barshis-Radice_Host_contig04774",10.2221823387224,-1.68159192747736,0.83645678857547,-2.0103751328759,0.0443915003404157,0.882021355078277
"400","Siderastrea_Mexico_Barshis-Radice_Host_contig08638",6.19028612729854,1.64606446569246,0.818796755116587,2.01034561434977,0.0443946222732306,0.882021355078277
"401","Siderastrea_Mexico_Barshis-Radice_Host_contig00941",3.67348366049232,-1.85495450750226,0.922845840823951,-2.01003724072277,0.0444272475058011,0.882021355078277
"402","Siderastrea_Mexico_Barshis-Radice_Host_contig13259",6.31783953713587,-1.10140089800174,0.548167398279833,-2.00924188752919,0.0445114874683501,0.882021355078277
"403","Siderastrea_Mexico_Barshis-Radice_Host_contig16584",3.94702803126905,-1.40967125389866,0.701802329317709,-2.00864430767726,0.044574868867278,0.882021355078277
"404","Siderastrea_Mexico_Barshis-Radice_Host_contig04220",4.16213578561266,1.46366849979866,0.728792257937852,2.00834803588634,0.0446063207066809,0.882021355078277
"405","Siderastrea_Mexico_Barshis-Radice_Host_contig09178",5.37166906743572,-1.45702417637518,0.726127696224628,-2.00656741775684,0.044795743521504,0.882021355078277
"406","Siderastrea_Mexico_Barshis-Radice_Host_contig10081",13.9467353657467,-1.01577648349296,0.506291704605384,-2.00630678767428,0.0448235262854403,0.882021355078277
"407","Siderastrea_Mexico_Barshis-Radice_Host_contig17507",11.7358414093005,1.5297069403688,0.762704832394308,2.00563425770714,0.0448952840816481,0.882021355078277
"408","Siderastrea_Mexico_Barshis-Radice_Host_contig04786",3.7317744905942,-1.87347351725802,0.936512294762507,-2.00047936128069,0.0454485263455746,0.890433500875342
"409","Siderastrea_Mexico_Barshis-Radice_Host_contig06939",3.70565196058193,-1.58052794159278,0.790804609266502,-1.99863268761013,0.0456481109461994,0.890433500875342
"410","Siderastrea_Mexico_Barshis-Radice_Host_contig07510",38.4066679887033,0.627521118060367,0.314241713832834,1.99693767707169,0.0458319536323228,0.890433500875342
"411","Siderastrea_Mexico_Barshis-Radice_Host_contig04800",14.1647070585725,1.08653015344097,0.544626422184701,1.99500081006442,0.0460427915140389,0.890433500875342
"412","Siderastrea_Mexico_Barshis-Radice_Host_contig14088",36.7671872935905,1.05006265129454,0.526392471957907,1.99482839750511,0.0460615990326927,0.890433500875342
"413","Siderastrea_Mexico_Barshis-Radice_Host_contig08390",3.56456682761239,-1.62815647875805,0.816217121589315,-1.99475903615909,0.0460691670975387,0.890433500875342
"414","Siderastrea_Mexico_Barshis-Radice_Host_contig02391",2.56960669034303,-1.79992257518915,0.903071125669779,-1.99311275050922,0.0462491021053654,0.890433500875342
"415","Siderastrea_Mexico_Barshis-Radice_Host_contig04240",2.67422501120118,-1.9191484999625,0.963673958880406,-1.99149150215926,0.0464268785459435,0.890433500875342
"416","Siderastrea_Mexico_Barshis-Radice_Host_contig02873",6.8155566581366,-1.13084926028689,0.568042019494236,-1.99078452205658,0.0465045817070215,0.890433500875342
"417","Siderastrea_Mexico_Barshis-Radice_Host_contig07630",4.29940310337005,-1.48537268236944,0.746997457668174,-1.98845748017159,0.0467611170933706,0.890433500875342
"418","Siderastrea_Mexico_Barshis-Radice_Host_contig17712",5.38156511274479,-1.45172442117246,0.730870631488836,-1.98629464453264,0.0470006169578967,0.890433500875342
"419","Siderastrea_Mexico_Barshis-Radice_Host_contig01229",6.70704170559345,-1.17787776121188,0.593050337234974,-1.98613454416634,0.04701838649071,0.890433500875342
"420","Siderastrea_Mexico_Barshis-Radice_Host_contig13141",54.3534110799461,0.985224148694135,0.496329699578785,1.98501953344773,0.0471422982889768,0.890433500875342
"421","Siderastrea_Mexico_Barshis-Radice_Host_contig16296",2.97744792927553,1.68582237631273,0.849334465303536,1.98487456376829,0.0471584290144913,0.890433500875342
"422","Siderastrea_Mexico_Barshis-Radice_Host_contig05194",67.8975627556868,-0.641498655571148,0.323411618473558,-1.98353620874507,0.0473075666940757,0.890433500875342
"423","Siderastrea_Mexico_Barshis-Radice_Host_contig15754",5.23435187837607,1.31506995650935,0.663540612002269,1.98189821801722,0.0474906334375273,0.890433500875342
"424","Siderastrea_Mexico_Barshis-Radice_Host_contig06030",22.8735148172422,1.36619746693889,0.689585042525927,1.98118779075392,0.0475702179047262,0.890433500875342
"425","Siderastrea_Mexico_Barshis-Radice_Host_contig00604",2.1165905783224,-2.10283606418111,1.06173251206922,-1.98057047352056,0.0476394628861505,0.890433500875342
"426","Siderastrea_Mexico_Barshis-Radice_Host_contig16332",27.0559071988818,-0.726570330094238,0.367025047687904,-1.9796205590635,0.0477461810701671,0.890433500875342
"427","Siderastrea_Mexico_Barshis-Radice_Host_contig16571",3.23030284916233,-1.78358441222881,0.901323554226007,-1.97885032945847,0.0478328600065797,0.890433500875342
"428","Siderastrea_Mexico_Barshis-Radice_Host_contig15337",15.705564295407,1.292743084964,0.65400278568802,1.97666296421661,0.0480797398028365,0.890433500875342
"429","Siderastrea_Mexico_Barshis-Radice_Host_contig17849",11.0745601220826,-3.73316395621192,1.88957213824147,-1.97566627950293,0.0481925864673698,0.890433500875342
"430","Siderastrea_Mexico_Barshis-Radice_Host_contig03244",2.20482892218883,2.06839306832263,1.04717135613474,1.97521929549082,0.0482432671282216,0.890433500875342
"431","Siderastrea_Mexico_Barshis-Radice_Host_contig05956",2.90070277290544,-1.85381790054894,0.939010761516667,-1.97422433961747,0.0483562395830453,0.890433500875342
"432","Siderastrea_Mexico_Barshis-Radice_Host_contig06951",4.85207239942199,-1.88713639665267,0.956055144810161,-1.97387818777691,0.048395595525952,0.890433500875342
"433","Siderastrea_Mexico_Barshis-Radice_Host_contig10896",14.6251657307782,1.07725296729735,0.545778344115577,1.9737920694582,0.0484053909783841,0.890433500875342
"434","Siderastrea_Mexico_Barshis-Radice_Host_contig14252",4.57283027274106,-1.23032449146984,0.623664907543332,-1.97273323637238,0.0485259631794071,0.890433500875342
"435","Siderastrea_Mexico_Barshis-Radice_Host_contig15603",5.70118896212377,-1.41959853376675,0.719695016072847,-1.97250015918279,0.048552538155383,0.890433500875342
"436","Siderastrea_Mexico_Barshis-Radice_Host_contig13694",3.24394147557314,-1.53518788408974,0.778296702131451,-1.97249696662656,0.0485529022488305,0.890433500875342
"437","Siderastrea_Mexico_Barshis-Radice_Host_contig11269",8.89204203370051,1.29251921240221,0.655772341181954,1.97098769074736,0.0487252837896461,0.891330674656374
"438","Siderastrea_Mexico_Barshis-Radice_Host_contig17601",6.79319470731406,1.56317626360376,0.793442676238671,1.97011871231079,0.0488247668208469,0.891330674656374
"439","Siderastrea_Mexico_Barshis-Radice_Host_contig08709",7.07858793167818,-1.46219339338123,0.742810587811011,-1.968460624249,0.0490150623967091,0.892766375681289
"440","Siderastrea_Mexico_Barshis-Radice_Host_contig01583",15.7155939763956,0.843297029269469,0.428660428977297,1.96728452701225,0.0491504178607957,0.893197139124824
"441","Siderastrea_Mexico_Barshis-Radice_Host_contig12538",5.93353918626456,1.43637533270084,0.730862713421821,1.96531483454106,0.0493778096780975,0.895294707904914
"442","Siderastrea_Mexico_Barshis-Radice_Host_contig02655",21.1614615751001,0.926165910110246,0.471519864403818,1.96421398127367,0.0495052821020155,0.89557519386361
"443","Siderastrea_Mexico_Barshis-Radice_Host_contig15427",3.81666894410703,1.57320191903697,0.801640087921555,1.96247910095898,0.0497067314333201,0.897189671649723
"444","Siderastrea_Mexico_Barshis-Radice_Host_contig05160",2.60383669491436,-1.75759056490828,0.896253714747737,-1.96104131674699,0.0498742033708357,0.898184977822528
"445","Siderastrea_Mexico_Barshis-Radice_Host_contig09783",2.09451596040397,-2.59539966388215,1.32415663612246,-1.96003976650549,0.049991142493308,0.89826780983481
